都道府県,設置区分,学校名,所在市町村,地域ブロック,公式サイトURL,メールアドレス,お問い合わせフォームURL,備考
北海道,道立,北海道札幌南高等学校,札幌市,石狩,https://www.sapporominami.hokkaido-c.ed.jp/,sapporominami-z0@hokkaido-c.ed.jp,,
北海道,道立,北海道札幌北高等学校,札幌市,石狩,https://www.sapporokita.hokkaido-c.ed.jp/,sapporokita-z0@hokkaido-c.ed.jp,,
北海道,道立,北海道札幌西高等学校,札幌市,石狩,https://www.sapporonishi.hokkaido-c.ed.jp/,sapporonishi-z0@hokkaido-c.ed.jp,,
北海道,道立,北海道札幌東高等学校,札幌市,石狩,https://www.sapporohigashi.hokkaido-c.ed.jp/,sapporohigashi-z0@hokkaido-c.ed.jp,,
北海道,道立,北海道札幌旭丘高等学校,札幌市,石狩,https://www.sapporoasahigaoka.hokkaido-c.ed.jp/,sapporoasahigaoka-z0@hokkaido-c.ed.jp,,
北海道,道立,北海道札幌月寒高等学校,札幌市,石狩,https://www.sapporotsukisamu.hokkaido-c.ed.jp/,sapporotsukisamu-z0@hokkaido-c.ed.jp,,
北海道,道立,北海道札幌平岡高等学校,札幌市,石狩,https://www.sapporahiraoka.hokkaido-c.ed.jp/,sapporahiraoka-z0@hokkaido-c.ed.jp,,
北海道,道立,北海道札幌白石高等学校,札幌市,石狩,https://www.sapporoshiraishi.hokkaido-c.ed.jp/,sapporoshiraishi-z0@hokkaido-c.ed.jp,,
北海道,道立,北海道札幌清田高等学校,札幌市,石狩,https://www.sapporoseita.hokkaido-c.ed.jp/,sapporoseita-z0@hokkaido-c.ed.jp,,
北海道,道立,北海道札幌手稲高等学校,札幌市,石狩,https://www.sapporoteine.hokkaido-c.ed.jp/,sapporoteine-z0@hokkaido-c.ed.jp,,
北海道,道立,北海道札幌東陵高等学校,札幌市,石狩,https://www.sapporotoryou.hokkaido-c.ed.jp/,sapporotoryou-z0@hokkaido-c.ed.jp,,
北海道,道立,北海道札幌厚別高等学校,札幌市,石狩,https://www.sapporoatsubetsu.hokkaido-c.ed.jp/,sapporoatsubetsu-z0@hokkaido-c.ed.jp,,
北海道,道立,北海道札幌北陵高等学校,札幌市,石狩,https://www.sapporohokuryou.hokkaido-c.ed.jp/,sapporohokuryou-z0@hokkaido-c.ed.jp,,
北海道,道立,北海道札幌稲雲高等学校,札幌市,石狩,https://www.s-touun-h.hokkaido-c.ed.jp/,s-touun-h-z0@hokkaido-c.ed.jp,,
北海道,道立,北海道札幌英藍高等学校,札幌市,石狩,https://www.sapporoeiran.hokkaido-c.ed.jp/,sapporoeiran-z0@hokkaido-c.ed.jp,,
北海道,道立,北海道札幌あすかぜ高等学校,札幌市,石狩,https://www.sapporoasukaze.hokkaido-c.ed.jp/,sapporoasukaze-z0@hokkaido-c.ed.jp,,
北海道,道立,北海道札幌南陵高等学校,札幌市,石狩,https://www.sapporonanryo.hokkaido-c.ed.jp/,sapporonanryo-z0@hokkaido-c.ed.jp,,
北海道,道立,北海道札幌東商業高等学校,札幌市,石狩,https://www.sapporohigashishogyo.hokkaido-c.ed.jp/,sapporohigashishogyo-z0@hokkaido-c.ed.jp,,
北海道,道立,北海道札幌工業高等学校,札幌市,石狩,https://www.sakko.hokkaido-c.ed.jp/,sakko-z0@hokkaido-c.ed.jp,,
北海道,道立,北海道札幌琴似工業高等学校,札幌市,石狩,https://www.sapporokotoni.hokkaido-c.ed.jp/,sapporokotoni-z0@hokkaido-c.ed.jp,,
北海道,道立,北海道札幌農業高等学校,札幌市,石狩,https://www.sapporonogyo.hokkaido-c.ed.jp/,sapporonogyo-z0@hokkaido-c.ed.jp,,
北海道,道立,北海道札幌国際情報高等学校,札幌市,石狩,https://www.sapporokokusaijyoho.hokkaido-c.ed.jp/,sapporokokusaijyoho-z0@hokkaido-c.ed.jp,,
北海道,道立,北海道有朋高等学校,札幌市,石狩,https://www.yuho.hokkaido-c.ed.jp/,yuho-z0@hokkaido-c.ed.jp,,
北海道,道立,北海道札幌白陵高等学校,札幌市,石狩,https://www.sapporohakuryou.hokkaido-c.ed.jp/,sapporohakuryou-z0@hokkaido-c.ed.jp,,
北海道,道立,北海道札幌啓成高等学校,札幌市,石狩,https://www.sapporokeise.hokkaido-c.ed.jp/,sapporokeise-z0@hokkaido-c.ed.jp,,
北海道,道立,北海道江別高等学校,江別市,石狩,https://www.ebetsu.hokkaido-c.ed.jp/,ebetsu-z0@hokkaido-c.ed.jp,,
北海道,道立,北海道野幌高等学校,江別市,石狩,https://www.nopporo.hokkaido-c.ed.jp/,nopporo-z0@hokkaido-c.ed.jp,,
北海道,道立,北海道大麻高等学校,江別市,石狩,https://www.ohasa.hokkaido-c.ed.jp/,ohasa-z0@hokkaido-c.ed.jp,,
北海道,道立,北海道千歳高等学校,千歳市,石狩,https://www.chitose.hokkaido-c.ed.jp/,chitose-z0@hokkaido-c.ed.jp,,
北海道,道立,北海道千歳北陽高等学校,千歳市,石狩,https://www.chitosehokuyo.hokkaido-c.ed.jp/,chitosehokuyo-z0@hokkaido-c.ed.jp,,
北海道,道立,北海道恵庭北高等学校,恵庭市,石狩,https://www.eniwakita.hokkaido-c.ed.jp/,eniwakita-z0@hokkaido-c.ed.jp,,
北海道,道立,北海道恵庭南高等学校,恵庭市,石狩,https://www.eniwaminami.hokkaido-c.ed.jp/,eniwaminami-z0@hokkaido-c.ed.jp,,
北海道,道立,北海道北広島高等学校,北広島市,石狩,https://www.kitahiroshima.hokkaido-c.ed.jp/,kitahiroshima-z0@hokkaido-c.ed.jp,,
北海道,道立,北海道石狩翔陽高等学校,石狩市,石狩,https://www.ishikarishoyo.hokkaido-c.ed.jp/,ishikarishoyo-z0@hokkaido-c.ed.jp,,
北海道,道立,北海道石狩南高等学校,石狩市,石狩,https://www.ishikariminami.hokkaido-c.ed.jp/,ishikariminami-z0@hokkaido-c.ed.jp,,
北海道,道立,北海道当別高等学校,石狩郡当別町,石狩,https://www.tobetsu.hokkaido-c.ed.jp/,tobetsu-z0@hokkaido-c.ed.jp,,
北海道,道立,北海道夕張高等学校,夕張市,空知,https://www.yubari.hokkaido-c.ed.jp/,yubari-z0@hokkaido-c.ed.jp,,
北海道,道立,北海道岩見沢東高等学校,岩見沢市,空知,https://www.iwamizawahigashi.hokkaido-c.ed.jp/,iwamizawahigashi-z0@hokkaido-c.ed.jp,,
北海道,道立,北海道岩見沢西高等学校,岩見沢市,空知,https://www.iwamizawanishi.hokkaido-c.ed.jp/,iwamizawanishi-z0@hokkaido-c.ed.jp,,
北海道,道立,北海道岩見沢農業高等学校,岩見沢市,空知,https://www.iwamizawanogyo.hokkaido-c.ed.jp/,iwamizawanogyo-z0@hokkaido-c.ed.jp,,
北海道,道立,北海道美唄尚栄高等学校,美唄市,空知,https://www.bibaisyouei.hokkaido-c.ed.jp/,bibaisyouei-z0@hokkaido-c.ed.jp,,
北海道,道立,北海道美唄聖華高等学校,美唄市,空知,https://www.bibaiseika.hokkaido-c.ed.jp/,bibaiseika-z0@hokkaido-c.ed.jp,,
北海道,道立,北海道芦別高等学校,芦別市,空知,https://www.ashibetsu.hokkaido-c.ed.jp/,ashibetsu-z0@hokkaido-c.ed.jp,,
北海道,道立,北海道赤平高等学校,赤平市,空知,https://www.akabira.hokkaido-c.ed.jp/,akabira-z0@hokkaido-c.ed.jp,,
北海道,道立,北海道三笠高等学校,三笠市,空知,https://www.mikasa.hokkaido-c.ed.jp/,mikasa-z0@hokkaido-c.ed.jp,,
北海道,道立,北海道滝川高等学校,滝川市,空知,https://www.takikawa.hokkaido-c.ed.jp/,takikawa-z0@hokkaido-c.ed.jp,,
北海道,道立,北海道滝川工業高等学校,滝川市,空知,https://www.takikawakogyo.hokkaido-c.ed.jp/,takikawakogyo-z0@hokkaido-c.ed.jp,,
北海道,道立,北海道砂川高等学校,砂川市,空知,https://www.sunagawa.hokkaido-c.ed.jp/,sunagawa-z0@hokkaido-c.ed.jp,,
北海道,道立,北海道歌志内高等学校,歌志内市,空知,https://www.utashinai.hokkaido-c.ed.jp/,utashinai-z0@hokkaido-c.ed.jp,,
北海道,道立,北海道深川東高等学校,深川市,空知,https://www.fukatoko.hokkaido-c.ed.jp/,fukatoko-z0@hokkaido-c.ed.jp,,
北海道,道立,北海道深川西高等学校,深川市,空知,https://www.fukagawanishi.hokkaido-c.ed.jp/,fukagawanishi-z0@hokkaido-c.ed.jp,,
北海道,道立,北海道奈井江商業高等学校,空知郡奈井江町,空知,https://www.naieshougyou.hokkaido-c.ed.jp/,naieshougyou-z0@hokkaido-c.ed.jp,,
北海道,道立,北海道月形高等学校,樺戸郡月形町,空知,https://www.tsukigata.hokkaido-c.ed.jp/,tsukigata-z0@hokkaido-c.ed.jp,,
北海道,道立,北海道新十津川農業高等学校,樺戸郡新十津川町,空知,https://www.shintotsukawanog.hokkaido-c.ed.jp/,shintotsukawanog-z0@hokkaido-c.ed.jp,,
北海道,道立,北海道浦臼高等学校,樺戸郡浦臼町,空知,https://www.urausu.hokkaido-c.ed.jp/,urausu-z0@hokkaido-c.ed.jp,,
北海道,道立,北海道栗山高等学校,夕張郡栗山町,空知,https://www.kuriyama.hokkaido-c.ed.jp/,kuriyama-z0@hokkaido-c.ed.jp,,
北海道,道立,北海道長沼高等学校,夕張郡長沼町,空知,https://www.naganuma.hokkaido-c.ed.jp/,naganuma-z0@hokkaido-c.ed.jp,,
北海道,道立,北海道由仁高等学校,夕張郡由仁町,空知,https://www.yuni.hokkaido-c.ed.jp/,yuni-z0@hokkaido-c.ed.jp,,
北海道,道立,北海道小樽潮陵高等学校,小樽市,後志,https://www.otaruchoryou.hokkaido-c.ed.jp/,otaruchoryou-z0@hokkaido-c.ed.jp,,
北海道,道立,北海道小樽桜陽高等学校,小樽市,後志,https://www.otarukouyo.hokkaido-c.ed.jp/,otarukouyo-z0@hokkaido-c.ed.jp,,
北海道,道立,北海道小樽水産高等学校,小樽市,後志,https://www.otarusuisan.hokkaido-c.ed.jp/,otarusuisan-z0@hokkaido-c.ed.jp,,
北海道,道立,北海道小樽未来創造高等学校,小樽市,後志,https://www.otarumiraiso.hokkaido-c.ed.jp/,otarumiraiso-z0@hokkaido-c.ed.jp,,
北海道,道立,北海道余市紅志高等学校,余市郡余市町,後志,https://www.yoichikoshi.hokkaido-c.ed.jp/,yoichikoshi-z0@hokkaido-c.ed.jp,,
北海道,道立,北海道岩内高等学校,岩内郡岩内町,後志,https://www.iwanai.hokkaido-c.ed.jp/,iwanai-z0@hokkaido-c.ed.jp,,
北海道,道立,北海道寿都高等学校,寿都郡寿都町,後志,https://www.suttu.hokkaido-c.ed.jp/,suttu-z0@hokkaido-c.ed.jp,,
北海道,道立,北海道黒松内高等学校,寿都郡黒松内町,後志,https://www.kuromatsunai.hokkaido-c.ed.jp/,kuromatsunai-z0@hokkaido-c.ed.jp,,
北海道,道立,北海道蘭越高等学校,磯谷郡蘭越町,後志,https://www.rankoshi.hokkaido-c.ed.jp/,rankoshi-z0@hokkaido-c.ed.jp,,
北海道,道立,北海道ニセコ高等学校,虻田郡ニセコ町,後志,https://www.niseko.hokkaido-c.ed.jp/,niseko-z0@hokkaido-c.ed.jp,,
北海道,道立,北海道倶知安高等学校,虻田郡倶知安町,後志,https://www.kutchan.hokkaido-c.ed.jp/,kutchan-z0@hokkaido-c.ed.jp,,
北海道,道立,北海道共和高等学校,岩内郡共和町,後志,https://www.kyouwa.hokkaido-c.ed.jp/,kyouwa-z0@hokkaido-c.ed.jp,,
北海道,道立,北海道室蘭栄高等学校,室蘭市,胆振,https://www.muroran-sakae.hokkaido-c.ed.jp/,muroran-sakae-z0@hokkaido-c.ed.jp,,
北海道,道立,北海道室蘭清水丘高等学校,室蘭市,胆振,https://www.muroran-shimizugaoka.hokkaido-c.ed.jp/,muroran-shimizugaoka-z0@hokkaido-c.ed.jp,,
北海道,道立,北海道室蘭工業高等学校,室蘭市,胆振,https://www.muroran-kogyo.hokkaido-c.ed.jp/,muroran-kogyo-z0@hokkaido-c.ed.jp,,
北海道,道立,北海道登別明日中等教育学校,登別市,胆振,https://www.noboribetsuasu.hokkaido-c.ed.jp/,noboribetsuasu-z0@hokkaido-c.ed.jp,,
北海道,道立,北海道登別青嶺高等学校,登別市,胆振,https://www.noboribetsusei.hokkaido-c.ed.jp/,noboribetsusei-z0@hokkaido-c.ed.jp,,
北海道,道立,北海道伊達高等学校,伊達市,胆振,https://www.date.hokkaido-c.ed.jp/,date-z0@hokkaido-c.ed.jp,,
北海道,道立,北海道伊達緑丘高等学校,伊達市,胆振,https://www.date-midoriga.hokkaido-c.ed.jp/,date-midoriga-z0@hokkaido-c.ed.jp,,
北海道,道立,北海道苫小牧東高等学校,苫小牧市,胆振,https://www.tomakoma-higashi.hokkaido-c.ed.jp/,tomakoma-higashi-z0@hokkaido-c.ed.jp,,
北海道,道立,北海道苫小牧西高等学校,苫小牧市,胆振,https://www.tomakomanishi.hokkaido-c.ed.jp/,tomakomanishi-z0@hokkaido-c.ed.jp,,
北海道,道立,北海道苫小牧工業高等学校,苫小牧市,胆振,https://www.tomakoma-kogyo.hokkaido-c.ed.jp/,tomakoma-kogyo-z0@hokkaido-c.ed.jp,,
北海道,道立,北海道苫小牧総合経済高等学校,苫小牧市,胆振,https://www.tomakoma-sogo.hokkaido-c.ed.jp/,tomakoma-sogo-z0@hokkaido-c.ed.jp,,
北海道,道立,北海道苫小牧高等学校,苫小牧市,胆振,https://www.tomakomai.hokkaido-c.ed.jp/,tomakomai-z0@hokkaido-c.ed.jp,,
北海道,道立,北海道白老東高等学校,白老郡白老町,胆振,https://www.shiraoi-higashi.hokkaido-c.ed.jp/,shiraoi-higashi-z0@hokkaido-c.ed.jp,,
北海道,道立,北海道虻田高等学校,虻田郡洞爺湖町,胆振,https://www.abuta.hokkaido-c.ed.jp/,abuta-z0@hokkaido-c.ed.jp,,
北海道,道立,北海道豊浦高等学校,虻田郡豊浦町,胆振,https://www.toyoura.hokkaido-c.ed.jp/,toyoura-z0@hokkaido-c.ed.jp,,
北海道,道立,北海道壮瞥高等学校,有珠郡壮瞥町,胆振,https://www.sobetsu.hokkaido-c.ed.jp/,sobetsu-z0@hokkaido-c.ed.jp,,
北海道,道立,北海道浦河高等学校,浦河郡浦河町,日高,https://www.urakawa.hokkaido-c.ed.jp/,urakawa-z0@hokkaido-c.ed.jp,,
北海道,道立,北海道浦河商業高等学校,浦河郡浦河町,日高,https://www.urakawashogyo.hokkaido-c.ed.jp/,urakawashogyo-z0@hokkaido-c.ed.jp,,
北海道,道立,北海道静内高等学校,日高郡新ひだか町,日高,https://www.shizunai.hokkaido-c.ed.jp/,shizunai-z0@hokkaido-c.ed.jp,,
北海道,道立,北海道三石高等学校,日高郡新ひだか町,日高,https://www.mitsuishi.hokkaido-c.ed.jp/,mitsuishi-z0@hokkaido-c.ed.jp,,
北海道,道立,北海道日高高等学校,沙流郡日高町,日高,https://hokkaido-hidaka-hs.ed.jp/,hidakahigh3@hokkaido-c.ed.jp,,
北海道,道立,北海道富川高等学校,沙流郡平取町,日高,https://www.tomikawa.hokkaido-c.ed.jp/,tomikawa-z0@hokkaido-c.ed.jp,,
北海道,道立,北海道様似高等学校,様似郡様似町,日高,https://www.samani.hokkaido-c.ed.jp/,samani-z0@hokkaido-c.ed.jp,,
北海道,道立,北海道えりも高等学校,幌泉郡えりも町,日高,https://www.erimo.hokkaido-c.ed.jp/,erimo-z0@hokkaido-c.ed.jp,,
北海道,道立,北海道新冠高等学校,新冠郡新冠町,日高,https://www.niikappu.hokkaido-c.ed.jp/,niikappu-z0@hokkaido-c.ed.jp,,
北海道,道立,北海道函館中部高等学校,函館市,渡島,https://www.hakodate-chuo.hokkaido-c.ed.jp/,hakodate-chuo-z0@hokkaido-c.ed.jp,,
北海道,道立,北海道函館西高等学校,函館市,渡島,https://www.hakodatenishi.hokkaido-c.ed.jp/,hakodatenishi-z0@hokkaido-c.ed.jp,,
北海道,道立,北海道函館商業高等学校,函館市,渡島,https://www.hakodateshogyo.hokkaido-c.ed.jp/,hakodateshogyo-z0@hokkaido-c.ed.jp,,
北海道,道立,北海道函館工業高等学校,函館市,渡島,https://www.kanko.hokkaido-c.ed.jp/,kanko-z0@hokkaido-c.ed.jp,,
北海道,道立,北海道函館水産高等学校,北斗市,渡島,https://www.hakodatesuisan.hokkaido-c.ed.jp/,hakodatesuisan-z0@hokkaido-c.ed.jp,,
北海道,道立,北海道函館稜北高等学校,函館市,渡島,https://www.hakodateryouhoku.hokkaido-c.ed.jp/,hakodateryouhoku-z0@hokkaido-c.ed.jp,,
北海道,道立,北海道七飯高等学校,亀田郡七飯町,渡島,https://www.nanae.hokkaido-c.ed.jp/,nanae-z0@hokkaido-c.ed.jp,,
北海道,道立,北海道上磯高等学校,北斗市,渡島,https://www.kamiiso.hokkaido-c.ed.jp/,kamiiso-z0@hokkaido-c.ed.jp,,
北海道,道立,北海道大野農業高等学校,北斗市,渡島,https://www.ohnonogyo.hokkaido-c.ed.jp/,ohnonogyo-z0@hokkaido-c.ed.jp,,
北海道,道立,北海道長万部高等学校,山越郡長万部町,渡島,https://www.oshamanbe.hokkaido-c.ed.jp/,oshamanbe-z0@hokkaido-c.ed.jp,,
北海道,道立,北海道八雲高等学校,二海郡八雲町,渡島,https://www.yakumo.hokkaido-c.ed.jp/,yakumo-z0@hokkaido-c.ed.jp,,
北海道,道立,北海道森高等学校,茅部郡森町,渡島,https://www.mori.hokkaido-c.ed.jp/,mori-z0@hokkaido-c.ed.jp,,
北海道,道立,北海道砂原高等学校,茅部郡森町,渡島,https://www.sunabara.hokkaido-c.ed.jp/,sunabara-z0@hokkaido-c.ed.jp,,
北海道,道立,北海道南茅部高等学校,函館市,渡島,https://www.minamikayabe.hokkaido-c.ed.jp/,minamikayabe-z0@hokkaido-c.ed.jp,,
北海道,道立,北海道松前高等学校,松前郡松前町,渡島,https://www.matsumae.hokkaido-c.ed.jp/,matsumae-z0@hokkaido-c.ed.jp,,
北海道,道立,北海道福島商業高等学校,松前郡福島町,渡島,https://www.fukushimashogyo.hokkaido-c.ed.jp/,fukushimashogyo-z0@hokkaido-c.ed.jp,,
北海道,道立,北海道江差高等学校,檜山郡江差町,檜山,https://www.esashi.hokkaido-c.ed.jp/,esashi-z0@hokkaido-c.ed.jp,,
北海道,道立,北海道上ノ国高等学校,檜山郡上ノ国町,檜山,https://www.kaminokuni.hokkaido-c.ed.jp/,kaminokuni-z0@hokkaido-c.ed.jp,,
北海道,道立,北海道厚沢部高等学校,檜山郡厚沢部町,檜山,https://www.assabu.hokkaido-c.ed.jp/,assabu-z0@hokkaido-c.ed.jp,,
北海道,道立,北海道乙部高等学校,爾志郡乙部町,檜山,https://www.otobe.hokkaido-c.ed.jp/,otobe-z0@hokkaido-c.ed.jp,,
北海道,道立,北海道奥尻高等学校,奥尻郡奥尻町,檜山,https://www.okushiri.hokkaido-c.ed.jp/,okushiri-z0@hokkaido-c.ed.jp,,
北海道,道立,北海道檜山北高等学校,久遠郡せたな町,檜山,https://www.hiyamakita.hokkaido-c.ed.jp/,hiyamakita-z0@hokkaido-c.ed.jp,,
北海道,道立,北海道今金高等学校,瀬棚郡今金町,檜山,https://www.imagane.hokkaido-c.ed.jp/,imagane-z0@hokkaido-c.ed.jp,,
北海道,道立,北海道旭川東高等学校,旭川市,上川,https://www.asahikawahigashi.hokkaido-c.ed.jp/,asahikawahigashi-z0@hokkaido-c.ed.jp,,
北海道,道立,北海道旭川西高等学校,旭川市,上川,https://www.asahikawaonishi.hokkaido-c.ed.jp/,asahikawaonishi-z0@hokkaido-c.ed.jp,,
北海道,道立,北海道旭川北高等学校,旭川市,上川,https://www.asahikawakita.hokkaido-c.ed.jp/,asahikawakita-z0@hokkaido-c.ed.jp,,
北海道,道立,北海道旭川南高等学校,旭川市,上川,https://www.asahikawaminami.hokkaido-c.ed.jp/,asahikawaminami-z0@hokkaido-c.ed.jp,,
北海道,道立,北海道旭川商業高等学校,旭川市,上川,https://www.asahikawashogyo.hokkaido-c.ed.jp/,asahikawashogyo-z0@hokkaido-c.ed.jp,,
北海道,道立,北海道旭川工業高等学校,旭川市,上川,https://www.asahikawakogyo.hokkaido-c.ed.jp/,asahikawakogyo-z0@hokkaido-c.ed.jp,,
北海道,道立,北海道旭川農業高等学校,旭川市,上川,https://www.asahikawanog.hokkaido-c.ed.jp/,asahikawanog-z0@hokkaido-c.ed.jp,,
北海道,道立,北海道旭川永嶺高等学校,旭川市,上川,https://www.asahikawanagamine.hokkaido-c.ed.jp/,asahikawanagamine-z0@hokkaido-c.ed.jp,,
北海道,道立,北海道鷹栖高等学校,上川郡鷹栖町,上川,https://www.takasu.hokkaido-c.ed.jp/,takasu-z0@hokkaido-c.ed.jp,,
北海道,道立,北海道東川高等学校,上川郡東川町,上川,https://www.higashikawa.hokkaido-c.ed.jp/,higashikawa-z0@hokkaido-c.ed.jp,,
北海道,道立,北海道富良野高等学校,富良野市,上川,https://www.furano.hokkaido-c.ed.jp/,furano-z0@hokkaido-c.ed.jp,,
北海道,道立,北海道富良野緑峰高等学校,富良野市,上川,https://www.furanoryokuho.hokkaido-c.ed.jp/,furanoryokuho-z0@hokkaido-c.ed.jp,,
北海道,道立,北海道美瑛高等学校,上川郡美瑛町,上川,https://www.biei.hokkaido-c.ed.jp/,biei-z0@hokkaido-c.ed.jp,,
北海道,道立,北海道士別高等学校,士別市,上川,https://www.shimbetsu.hokkaido-c.ed.jp/,shimbetsu-z0@hokkaido-c.ed.jp,,
北海道,道立,北海道士別翔雲高等学校,士別市,上川,https://www.shimbetsushoun.hokkaido-c.ed.jp/,shimbetsushoun-z0@hokkaido-c.ed.jp,,
北海道,道立,北海道名寄高等学校,名寄市,上川,https://www.nayoro.hokkaido-c.ed.jp/,nayoro-z0@hokkaido-c.ed.jp,,
北海道,道立,北海道名寄産業高等学校,名寄市,上川,https://www.nayoro-sangyo.hokkaido-c.ed.jp/,nayoro-sangyo-z0@hokkaido-c.ed.jp,,
北海道,道立,北海道和寒高等学校,上川郡和寒町,上川,https://www.wassamu.hokkaido-c.ed.jp/,wassamu-z0@hokkaido-c.ed.jp,,
北海道,道立,北海道剣淵高等学校,上川郡剣淵町,上川,https://www.kembuchi.hokkaido-c.ed.jp/,kembuchi-z0@hokkaido-c.ed.jp,,
北海道,道立,北海道上川高等学校,上川郡上川町,上川,https://www.kamikawa.hokkaido-c.ed.jp/,kamikawa-z0@hokkaido-c.ed.jp,,
北海道,道立,北海道下川商業高等学校,上川郡下川町,上川,https://www.shimokawashogyo.hokkaido-c.ed.jp/,shimokawashogyo-z0@hokkaido-c.ed.jp,,
北海道,道立,北海道美深高等学校,中川郡美深町,上川,https://www.bifuka.hokkaido-c.ed.jp/,bifuka-z0@hokkaido-c.ed.jp,,
北海道,道立,北海道音威子府高等学校,中川郡音威子府村,上川,https://www.otoineppu.hokkaido-c.ed.jp/,otoineppu-z0@hokkaido-c.ed.jp,,
北海道,道立,北海道中川高等学校,中川郡中川町,上川,https://www.nakagawa.hokkaido-c.ed.jp/,nakagawa-z0@hokkaido-c.ed.jp,,
北海道,道立,北海道幌加内高等学校,雨竜郡幌加内町,上川,https://www.horokanai.hokkaido-c.ed.jp/,horokanai-z0@hokkaido-c.ed.jp,,
北海道,道立,北海道留萌高等学校,留萌市,留萌,https://www.rumoi.hokkaido-c.ed.jp/,rumoi-z0@hokkaido-c.ed.jp,,
北海道,道立,北海道留萌千望高等学校,留萌市,留萌,https://www.rumoisenbou.hokkaido-c.ed.jp/,rumoisenbou-z0@hokkaido-c.ed.jp,,
北海道,道立,北海道羽幌高等学校,苫前郡羽幌町,留萌,https://www.haboro.hokkaido-c.ed.jp/,haboro-z0@hokkaido-c.ed.jp,,
北海道,道立,北海道苫前商業高等学校,苫前郡苫前町,留萌,https://www.tomamaeshogyo.hokkaido-c.ed.jp/,tomamaeshogyo-z0@hokkaido-c.ed.jp,,
北海道,道立,北海道増毛高等学校,増毛郡増毛町,留萌,https://www.mashike.hokkaido-c.ed.jp/,mashike-z0@hokkaido-c.ed.jp,,
北海道,道立,北海道稚内高等学校,稚内市,宗谷,https://www.chikou.hokkaido-c.ed.jp/,chikou-z0@hokkaido-c.ed.jp,,
北海道,道立,北海道稚内南高等学校,稚内市,宗谷,https://www.wakkanaminami.hokkaido-c.ed.jp/,wakkanaminami-z0@hokkaido-c.ed.jp,,
北海道,道立,北海道枝幸高等学校,枝幸郡枝幸町,宗谷,https://www.esashi-soya.hokkaido-c.ed.jp/,esashi-soya-z0@hokkaido-c.ed.jp,,
北海道,道立,北海道浜頓別高等学校,枝幸郡浜頓別町,宗谷,https://www.hamatombetsu.hokkaido-c.ed.jp/,hamatombetsu-z0@hokkaido-c.ed.jp,,
北海道,道立,北海道中頓別高等学校,枝幸郡中頓別町,宗谷,https://www.nakatombetsu.hokkaido-c.ed.jp/,nakatombetsu-z0@hokkaido-c.ed.jp,,
北海道,道立,北海道豊富高等学校,天塩郡豊富町,宗谷,https://www.toyotomi.hokkaido-c.ed.jp/,toyotomi-z0@hokkaido-c.ed.jp,,
北海道,道立,北海道幌延高等学校,天塩郡幌延町,宗谷,https://www.horonobe.hokkaido-c.ed.jp/,horonobe-z0@hokkaido-c.ed.jp,,
北海道,道立,北海道天塩高等学校,天塩郡天塩町,宗谷,https://www.teshio.hokkaido-c.ed.jp/,teshio-z0@hokkaido-c.ed.jp,,
北海道,道立,北海道利尻高等学校,利尻郡利尻富士町,宗谷,https://www.rishiri.hokkaido-c.ed.jp/,rishiri-z0@hokkaido-c.ed.jp,,
北海道,道立,北海道網走南ケ丘高等学校,網走市,オホーツク,https://www.abashiri-minagaoka.hokkaido-c.ed.jp/,abashiri-minagaoka-z0@hokkaido-c.ed.jp,,
北海道,道立,北海道網走桂陽高等学校,網走市,オホーツク,https://www.abashiri-keiyo.hokkaido-c.ed.jp/,abashiri-keiyo-z0@hokkaido-c.ed.jp,,
北海道,道立,北海道紋別高等学校,紋別市,オホーツク,https://www.mombetsu.hokkaido-c.ed.jp/,mombetsu-z0@hokkaido-c.ed.jp,,
北海道,道立,北海道北見北斗高等学校,北見市,オホーツク,https://www.kitami-hokuto.hokkaido-c.ed.jp/,kitami-hokuto-z0@hokkaido-c.ed.jp,,
北海道,道立,北海道北見柏陽高等学校,北見市,オホーツク,https://www.kitami-kakuyo.hokkaido-c.ed.jp/,kitami-kakuyo-z0@hokkaido-c.ed.jp,,
北海道,道立,北海道北見工業高等学校,北見市,オホーツク,https://www.kitami-kogyo.hokkaido-c.ed.jp/,kitami-kogyo-z0@hokkaido-c.ed.jp,,
北海道,道立,北海道北見緑陵高等学校,北見市,オホーツク,https://www.kitami-ryokuryo.hokkaido-c.ed.jp/,kitami-ryokuryo-z0@hokkaido-c.ed.jp,,
北海道,道立,北海道遠軽高等学校,紋別郡遠軽町,オホーツク,https://www.engaru.hokkaido-c.ed.jp/,engaru-z0@hokkaido-c.ed.jp,,
北海道,道立,北海道遠軽緑陽高等学校,紋別郡遠軽町,オホーツク,https://www.engaru-ryokuyo.hokkaido-c.ed.jp/,engaru-ryokuyo-z0@hokkaido-c.ed.jp,,
北海道,道立,北海道湧別高等学校,紋別郡湧別町,オホーツク,https://www.yubetsu.hokkaido-c.ed.jp/,yubetsu-z0@hokkaido-c.ed.jp,,
北海道,道立,北海道佐呂間高等学校,常呂郡佐呂間町,オホーツク,https://www.saroma.hokkaido-c.ed.jp/,saroma-z0@hokkaido-c.ed.jp,,
北海道,道立,北海道斜里高等学校,斜里郡斜里町,オホーツク,https://www.shari.hokkaido-c.ed.jp/,shari-z0@hokkaido-c.ed.jp,,
北海道,道立,北海道清里高等学校,斜里郡清里町,オホーツク,https://www.kiyosato.hokkaido-c.ed.jp/,kiyosato-z0@hokkaido-c.ed.jp,,
北海道,道立,北海道小清水高等学校,斜里郡小清水町,オホーツク,https://www.koshimizu.hokkaido-c.ed.jp/,koshimizu-z0@hokkaido-c.ed.jp,,
北海道,道立,北海道津別高等学校,網走郡津別町,オホーツク,https://www.tsubetsu.hokkaido-c.ed.jp/,tsubetsu-z0@hokkaido-c.ed.jp,,
北海道,道立,北海道美幌高等学校,網走郡美幌町,オホーツク,https://www.bihoro.hokkaido-c.ed.jp/,bihoro-z0@hokkaido-c.ed.jp,,
北海道,道立,北海道訓子府高等学校,常呂郡訓子府町,オホーツク,https://www.kunneppu.hokkaido-c.ed.jp/,kunneppu-z0@hokkaido-c.ed.jp,,
北海道,道立,北海道置戸高等学校,常呂郡置戸町,オホーツク,https://www.oketo.hokkaido-c.ed.jp/,oketo-z0@hokkaido-c.ed.jp,,
北海道,道立,北海道生田原高等学校,紋別郡遠軽町,オホーツク,https://www.ikutahara.hokkaido-c.ed.jp/,ikutahara-z0@hokkaido-c.ed.jp,,
北海道,道立,北海道興部高等学校,紋別郡興部町,オホーツク,https://www.okoppe.hokkaido-c.ed.jp/,okoppe-z0@hokkaido-c.ed.jp,,
北海道,道立,北海道雄武高等学校,紋別郡雄武町,オホーツク,https://www.oumu.hokkaido-c.ed.jp/,oumu-z0@hokkaido-c.ed.jp,,
北海道,道立,北海道帯広柏葉高等学校,帯広市,十勝,https://www.obihiro-hakuyo.hokkaido-c.ed.jp/,obihiro-hakuyo-z0@hokkaido-c.ed.jp,,
北海道,道立,北海道帯広三条高等学校,帯広市,十勝,https://www.obihirosaijo.hokkaido-c.ed.jp/,obihirosaijo-z0@hokkaido-c.ed.jp,,
北海道,道立,北海道帯広緑陽高等学校,帯広市,十勝,https://www.obihiro-ryokuyo.hokkaido-c.ed.jp/,obihiro-ryokuyo-z0@hokkaido-c.ed.jp,,
北海道,道立,北海道帯広工業高等学校,帯広市,十勝,https://www.obi-kogyo.hokkaido-c.ed.jp/,obi-kogyo-z0@hokkaido-c.ed.jp,,
北海道,道立,北海道帯広農業高等学校,帯広市,十勝,https://www.obi-nogyo.hokkaido-c.ed.jp/,obi-nogyo-z0@hokkaido-c.ed.jp,,
北海道,道立,北海道芽室高等学校,河西郡芽室町,十勝,https://www.memuro.hokkaido-c.ed.jp/,memuro-z0@hokkaido-c.ed.jp,,
北海道,道立,北海道音更高等学校,河東郡音更町,十勝,https://www.otofuke.hokkaido-c.ed.jp/,otofuke-z0@hokkaido-c.ed.jp,,
北海道,道立,北海道幕別清陵高等学校,中川郡幕別町,十勝,https://www.makubetsu-seiry.hokkaido-c.ed.jp/,makubetsu-seiry-z0@hokkaido-c.ed.jp,,
北海道,道立,北海道池田高等学校,中川郡池田町,十勝,https://www.ikeda.hokkaido-c.ed.jp/,ikeda-z0@hokkaido-c.ed.jp,,
北海道,道立,北海道本別高等学校,中川郡本別町,十勝,https://www.honbetsu.hokkaido-c.ed.jp/,honbetsu-z0@hokkaido-c.ed.jp,,
北海道,道立,北海道足寄高等学校,足寄郡足寄町,十勝,https://www.ashoro.hokkaido-c.ed.jp/,ashoro-z0@hokkaido-c.ed.jp,,
北海道,道立,北海道清水高等学校,上川郡清水町,十勝,https://www.shimizu-tokachi.hokkaido-c.ed.jp/,shimizu-tokachi-z0@hokkaido-c.ed.jp,,
北海道,道立,北海道鹿追高等学校,河東郡鹿追町,十勝,https://www.shikao.hokkaido-c.ed.jp/,shikao-z0@hokkaido-c.ed.jp,,
北海道,道立,北海道新得高等学校,上川郡新得町,十勝,https://www.shintoku.hokkaido-c.ed.jp/,shintoku-z0@hokkaido-c.ed.jp,,
北海道,道立,北海道更別農業高等学校,河西郡更別村,十勝,https://www.sarabetsunog.hokkaido-c.ed.jp/,sarabetsunog-z0@hokkaido-c.ed.jp,,
北海道,道立,北海道広尾高等学校,広尾郡広尾町,十勝,https://www.hiroo.hokkaido-c.ed.jp/,hiroo-z0@hokkaido-c.ed.jp,,
北海道,道立,北海道大樹高等学校,広尾郡大樹町,十勝,https://www.taiki.hokkaido-c.ed.jp/,taiki-z0@hokkaido-c.ed.jp,,
北海道,道立,北海道浦幌高等学校,十勝郡浦幌町,十勝,https://www.urahoro.hokkaido-c.ed.jp/,urahoro-z0@hokkaido-c.ed.jp,,
北海道,道立,北海道釧路湖陵高等学校,釧路市,釧路,https://www.kushiro-koryo.hokkaido-c.ed.jp/,kushiro-koryo-z0@hokkaido-c.ed.jp,,
北海道,道立,北海道釧路江南高等学校,釧路市,釧路,https://www.kushiro-konan.hokkaido-c.ed.jp/,kushiro-konan-z0@hokkaido-c.ed.jp,,
北海道,道立,北海道釧路明輝高等学校,釧路市,釧路,https://www.kushiro-meiki.hokkaido-c.ed.jp/,kushiro-meiki-z0@hokkaido-c.ed.jp,,
北海道,道立,北海道釧路商業高等学校,釧路市,釧路,https://www.kushiro-shogyo.hokkaido-c.ed.jp/,kushiro-shogyo-z0@hokkaido-c.ed.jp,,
北海道,道立,北海道釧路工業高等学校,釧路市,釧路,https://www.kushiro-kogyo.hokkaido-c.ed.jp/,kushiro-kogyo-z0@hokkaido-c.ed.jp,,
北海道,道立,北海道釧路東高等学校,釧路郡釧路町,釧路,https://www.kushirohigashi.hokkaido-c.ed.jp/,kushirohigashi-z0@hokkaido-c.ed.jp,,
北海道,道立,北海道白糠高等学校,白糠郡白糠町,釧路,https://www.shirauka.hokkaido-c.ed.jp/,shirauka-z0@hokkaido-c.ed.jp,,
北海道,道立,北海道標茶高等学校,川上郡標茶町,釧路,https://www.shibecha.hokkaido-c.ed.jp/,shibecha-z0@hokkaido-c.ed.jp,,
北海道,道立,北海道弟子屈高等学校,川上郡弟子屈町,釧路,https://www.teshikaga.hokkaido-c.ed.jp/,teshikaga-z0@hokkaido-c.ed.jp,,
北海道,道立,北海道厚岸翔洋高等学校,厚岸郡厚岸町,釧路,https://www.akkeshi.hokkaido-c.ed.jp/,akkeshi-z0@hokkaido-c.ed.jp,,
北海道,道立,北海道阿寒高等学校,釧路市,釧路,https://www.akan.hokkaido-c.ed.jp/,akan-z0@hokkaido-c.ed.jp,,
北海道,道立,北海道根室高等学校,根室市,根室,https://www.nemuro.hokkaido-c.ed.jp/,nemuro-z0@hokkaido-c.ed.jp,,
北海道,道立,北海道根室西高等学校,根室市,根室,https://www.nemuro-nishi.hokkaido-c.ed.jp/,nemuro-nishi-z0@hokkaido-c.ed.jp,,
北海道,道立,北海道中標津高等学校,標津郡中標津町,根室,https://www.nakashibetsu.hokkaido-c.ed.jp/,nakashibetsu-z0@hokkaido-c.ed.jp,,
北海道,道立,北海道別海高等学校,野付郡別海町,根室,https://www.bekkai.hokkaido-c.ed.jp/,bekkai-z0@hokkaido-c.ed.jp,,
北海道,道立,北海道標津高等学校,標津郡標津町,根室,https://www.shibetsu.hokkaido-c.ed.jp/,shibetsu-z0@hokkaido-c.ed.jp,,
北海道,道立,北海道羅臼高等学校,目梨郡羅臼町,根室,https://www.rausu.hokkaido-c.ed.jp/,rausu-z0@hokkaido-c.ed.jp,,
北海道,道立,北海道浜中高等学校,厚岸郡浜中町,根室,https://www.hamanaka.hokkaido-c.ed.jp/,hamanaka-z0@hokkaido-c.ed.jp,,
北海道,道立,北海道厚床高等学校,根室市,根室,https://www.atsukoshi.hokkaido-c.ed.jp/,atsukoshi-z0@hokkaido-c.ed.jp,,
北海道,私立,北海高等学校,札幌市豊平区,,https://www.hokkai.ed.jp/,,,メール・フォームURL未確認。電話011-841-1161。お問い合わせページをサイト内で要確認
北海道,私立,北海学園札幌高等学校,札幌市豊平区,,https://www.hgs.ed.jp/,,,nyushi@hgs.ed.jp は入試係宛の可能性。学校代表窓口は要確認。フォームURL未確認
北海道,私立,北海道科学大学高等学校,札幌市手稲区,,https://hs.hus.ac.jp/,,https://hs.hus.ac.jp/form/toiawase/,お問い合わせフォーム経由
北海道,私立,北星学園女子中学高等学校,札幌市中央区,,https://www.hokusei-ghs-jh.ed.jp/,,https://www.hokusei-ghs-jh.ed.jp/contact/,お問い合わせフォーム経由
北海道,私立,札幌大谷中学校・高等学校,札幌市東区,,https://www.s-ohtani.ed.jp/,,https://www.s-ohtani.ed.jp/contact,お問い合わせフォーム経由。tetsuzuki@s-ohtani.ed.jp は手続き関連窓口の可能性
北海道,私立,札幌第一高等学校,札幌市豊平区,,http://www.kibou.ac.jp/daiichi/,,,メール・フォームURL未確認。電話011-851-9361
北海道,私立,札幌静修高等学校,札幌市中央区,,https://www.sapporoseishu.ed.jp/,,https://www.sapporoseishu.ed.jp/contact,お問い合わせフォーム経由
北海道,私立,札幌龍谷学園高等学校,札幌市中央区,,https://sapporo-ryukoku.ac.jp/,,https://sapporo-ryukoku.ac.jp/contact/,お問い合わせフォーム経由。電話011-631-4386
北海道,私立,札幌日本大学高等学校,札幌市清田区,,https://www.sapporonichidai.ed.jp/,,https://www.sapporonichidai.ed.jp/contact/,お問い合わせフォーム経由。nyushi_snuh@sapporonichidai.ed.jp は入試事務局窓口の可能性
北海道,私立,北海道文教大学附属高等学校,恵庭市,,https://www.bunkyo.ed.jp/,f2021@bunkyo.ed.jp,,検索結果で確認できた代表メールアドレス。電話0123-25-5570
北海道,私立,札幌山の手高等学校,札幌市西区,,https://www.yamanote.ed.jp/,jimu@yamanote.ed.jp,https://www.yamanote.ed.jp/contact,事務室(個人情報保護担当)宛メール確認。電話011-611-7301
北海道,私立,札幌創成高等学校,札幌市豊平区,,https://www.sosei.jp/,,https://www.sosei.jp/contact.html,お問い合わせフォーム経由(入試用は別フォームあり)
北海道,私立,立命館慶祥中学校・高等学校,江別市,,https://www2.spc.ritsumei.ac.jp/,,http://www.spc.ritsumei.ac.jp/inquiry/,お問い合わせフォーム経由
北海道,私立,札幌光星中学高等学校,札幌市東区,,https://www.sapporokosei.ac.jp/,,https://www.sapporokosei.ac.jp/contact/,お問い合わせフォーム経由。電話011-711-7161
北海道,私立,札幌新陽高等学校,札幌市南区,,https://sapporoshinyo-h.ed.jp/,,https://sapporoshinyo-h.ed.jp/contact,お問い合わせフォーム経由
北海道,私立,北星学園大学附属高等学校,札幌市厚別区,,https://www.hokusei-s-h.ed.jp/,,https://www.hokusei-s-h.ed.jp/contact/,お問い合わせフォーム経由。電話011-897-2881
北海道,私立,北海道栄高等学校,白老郡白老町,,https://www.hokkaidosakae.ed.jp/,,,所在地は白老町(学校法人京都育英館運営)。フォームURL未確認
北海道,私立,札幌北斗高等学校,札幌市東区,,https://www.sapporohokuto-h.ed.jp/,,https://www.sapporohokuto-h.ed.jp/about/access/,アクセスページにお問い合わせ情報あり。電話011-711-6121
北海道,私立,函館大谷高等学校,函館市,,https://www.hakodate-otani-h.ed.jp/,,https://www.hakodate-otani-h.ed.jp/contact/,お問い合わせフォーム経由。電話0138-51-5614
北海道,私立,函館大妻高等学校,函館市,,https://www.hakodate-otsuma.ed.jp/,,https://www.hakodate-otsuma.ed.jp/contact/,お問い合わせフォーム経由。電話0138-52-1890
北海道,私立,遺愛女子高等学校,函館市,,https://www.iaijoshi-h.ed.jp/,iaigirls@iaijoshi-h.ed.jp,https://www.iaijoshi-h.ed.jp/main/inquiry/index.html,検索結果でメールアドレス確認(直接確認は未完了)
北海道,私立,函館ラ・サール高等学校,函館市,,https://www.h-lasalle.ed.jp/,,http://jupiter.xsrv.jp/h-lasalle/contact.php,お問い合わせフォーム経由。電話0138-52-0365
北海道,私立,小樽双葉高等学校,小樽市,,https://www.r-futaba.ed.jp/,,https://www.r-futaba.ed.jp/inquiry/,お問い合わせフォーム経由。電話0134-32-1828
北海道,私立,北照高等学校,小樽市,,https://www.hokusho.ed.jp/,,https://www.hokusho.ed.jp/contact/,お問い合わせフォーム経由。電話0134-32-0331
北海道,私立,駒澤大学附属苫小牧高等学校,苫小牧市,,https://www.komazawa-uth.ed.jp/,,https://www.komazawa-uth.ed.jp/inquiry/,お問い合わせフォーム経由。電話0144-32-6291
北海道,私立,苫小牧中央高等学校,苫小牧市,,https://haragakuen.ac.jp/,,https://haragakuen.ac.jp/contact/,お問い合わせフォーム経由。電話0144-74-4300
北海道,私立,クラーク記念国際高等学校(北海道深川キャンパス・本校),深川市,,https://www.clark.ed.jp/campus/hokkaido-fukagawa/,,https://www.clark.ed.jp/contact/,本校は深川市納内町(旧拓殖大学北海道短期大学跡地)。フリーダイヤル0120-833-350
北海道,私立,函館白百合学園中学高等学校,函館市,,https://www.hakodate-shirayuri.ed.jp/shirayuri/,,https://www.hakodate-shirayuri.ed.jp/shirayuri/contact,お問い合わせフォーム経由。電話0138-55-6682
北海道,私立,函館大学付属有斗高等学校,函館市,,https://www.yuto.ed.jp/,,,メール・フォームURL未確認。電話0138-57-1381(男子校)
北海道,私立,稚内大谷高等学校,稚内市,,https://wakkanaiotani-h.jp/,waohtani@plum.ocn.ne.jp,https://wakkanaiotani-h.jp/pages/3/,お問い合わせページにメールアドレス記載確認。電話0162-32-2660
北海道,私立,武修館高等学校,釧路市,,https://bushukan.jp/,,https://bushukan.jp/contact/,お問い合わせフォーム経由。電話0154-47-3211
北海道,私立,旭川藤星高等学校,旭川市,,https://asahikawa-tosei.jp/,,https://asahikawa-tosei.jp/contact,お問い合わせフォーム経由。電話0166-51-8125
北海道,私立,旭川実業高等学校,旭川市,,https://www.asahikawa-jitsugyo.ed.jp/,,https://www.asahikawa-jitsugyo.ed.jp/jimu/contact,お問い合わせフォーム経由。電話0166-51-1246
北海道,私立,旭川大学高等学校,旭川市,,https://www.asahikawa-uhs.ed.jp/,,http://www.asahikawa-uhs.ed.jp/contact/,お問い合わせフォーム経由
北海道,私立,旭川龍谷高等学校,旭川市,,https://ryukoku.info/ja/,post@ryukoku.info,https://ryukoku.info/ja/etc/inquiry,検索結果でメールアドレス確認(直接確認は未完了)。電話0166-39-2700
北海道,私立,旭川明成高等学校,旭川市,,http://www.takarada.ed.jp/meisei/,,http://www.takarada.ed.jp/meisei/form/,お問い合わせフォーム経由。電話0166-51-3220
北海道,私立,とわの森三愛高等学校(酪農学園大学附属),江別市,,https://www.san-ai.ed.jp/,,https://www.san-ai.ed.jp/contact.html,お問い合わせフォーム経由
北海道,私立,帯広大谷高等学校,帯広市,,https://www.obihiro-ohtani.ed.jp/,office@obihiro-ohtani.ed.jp,https://www.obihiro-ohtani.ed.jp/contact.html,検索結果でメールアドレス確認(直接確認は未完了)。電話0155-33-5811
北海道,私立,東海大学付属札幌高等学校,札幌市南区,,https://www.sapporo.tokai.ed.jp/,tokaidaisapporo.jimu@tokai.ac.jp,https://www.sapporo.tokai.ed.jp/contact/,事務室メールアドレスを確認
北海道,私立,札幌聖心女子学院中学高等学校,札幌市南区,,https://spr-sacred-heart.ed.jp/,,,2025年3月末閉校。校地・校舎は学校法人北星学園へ譲渡。新規募集なし
北海道,市立,市立札幌旭丘高等学校,札幌市中央区,,https://www23.sapporo-c.ed.jp/asahigaoka/,,https://www23.sapporo-c.ed.jp/asahigaoka/,メール公開なし。電話011-561-1221
北海道,市立,市立札幌大通高等学校,札幌市中央区,,https://www23.sapporo-c.ed.jp/odori/,,https://www23.sapporo-c.ed.jp/odori/,単位制。メール公開なし。電話011-280-0017
北海道,市立,市立札幌新川高等学校,札幌市北区,,https://www23.sapporo-c.ed.jp/shinkawa/,,https://www23.sapporo-c.ed.jp/shinkawa/,メール公開なし。電話011-761-8022
北海道,市立,市立札幌平岸高等学校,札幌市豊平区,,https://www23.sapporo-c.ed.jp/hiragishi/,,https://www23.sapporo-c.ed.jp/hiragishi/,メール公開なし。電話011-811-6831
北海道,市立,市立札幌清田高等学校,札幌市清田区,,https://www23.sapporo-c.ed.jp/kiyota/,,https://www23.sapporo-c.ed.jp/kiyota/,メール公開なし。電話011-882-0100
北海道,市立,市立札幌啓北商業高等学校,札幌市北区,,https://www23.sapporo-c.ed.jp/keihoku/,,https://www23.sapporo-c.ed.jp/keihoku/,メール公開なし。電話011-771-5101。2026年度末に藻岩との再編統合により閉校予定
北海道,市立,市立札幌藻岩高等学校,札幌市南区,,https://www23.sapporo-c.ed.jp/moiwa/,,https://www23.sapporo-c.ed.jp/moiwa/,メール公開なし。電話011-591-3611。啓北商業と再編統合予定
北海道,市立,市立札幌開成中等教育学校,札幌市東区,,https://www23.sapporo-c.ed.jp/sapporo-kaisei/,,https://www23.sapporo-c.ed.jp/sapporo-kaisei/,中高一貫(中等教育学校)。高等部相当あり。メール公開なし。電話011-721-0418
北海道,町立,ニセコ国際高等学校,虻田郡ニセコ町,,https://niseko.ed.jp/,,,2026年4月開校のニセコ町立全日制高校。旧:北海道ニセコ高等学校(道立定時制)の後継として新設。電話0136-44-2224。メール・フォーム未確認
北海道,町立,羽幌町立北海道天売高等学校,苫前郡羽幌町,,http://www.teuri.ed.jp/,teuri-hs@hokkaido-c.ed.jp,,天売島唯一の高校。定時制課程。電話01648-3-5144
